thread_id,timestamp,user_query,response
dev-thread-01,01:48:07,hello,I'm here to help with any questions or tasks you may have. How can I assist you today?
dev-thread-01,01:51:44,hello,"I can help with a wide range of topics, from answering questions to providing information on various subjects. What's on your mind? Would you like to ask something or discuss a particular topic?"
dev-thread-01,01:54:15,hello,"If you're ready to ask a question or need help with something, I'm here to assist you. Otherwise, we can start with some small talk or I can suggest some conversation topics. What would you like to do?"
dev-thread-01,01:55:13,hello,I'm here to help with any questions or tasks you may have. How can I assist you today?
dev-thread-01,02:05:40,hello,"I can help with a wide range of topics, from answering questions to providing information on various subjects. What's on your mind? Would you like to ask something or discuss a particular topic?"
dev-thread-01,02:06:28,hello,I'm here to help with any questions or tasks you may have. How can I assist you today?
dev-thread-01,02:08:21,hello,I'm here to help with any questions or tasks you may have. How can I assist you today?
dev-thread-01,02:13:45,hello,I'm here to help with any questions or tasks you may have. How can I assist you today?
dev-thread-01,02:14:41,hello,I'm here to help with any questions or tasks you may have. How can I assist you today?
dev-thread-01,02:21:14,hello,I'm here to help with any questions or tasks you may have. How can I assist you today?
dev-thread-01,23:16:01,In this story who is Lily?,"I couldn't find any information about a character named Lily in the story. If you could provide more context or details about the story, I'd be happy to try and help you again."
dev-thread-01,23:36:37,In this story who is Lily?,"I couldn't find any information about a character named Lily in the story. If you could provide more context or details about the story, I'd be happy to try and help you again."
dev-thread-01,23:41:58,hi,How can I assist you today?
dev-thread-01,23:42:13,i need some help,"I'd be happy to help you. Could you please provide more details about what you need help with? Is it related to a specific topic, a problem you're facing, or something else? The more information you provide, the better I can assist you."
dev-thread-01,23:44:11,"Based on the airline policy, do I need to reconfirm my flight?","I couldn't find any information about the airline's policy on reconfirming flights. For the most accurate and up-to-date information, I recommend checking the airline's official website or contacting their customer service directly. They should be able to provide you with the information you need."
